cluster,probability
0,0.4649890590809628
1,0.019146608315098467
2,0.03774617067833698
3,0.02899343544857768
4,0.27461706783369805
5,0.02899343544857768
6,0.02188183807439825
7,0.025711159737417943
8,0.005470459518599562
9,0.0087527352297593
10,0.0032822757111597373
11,0.00437636761487965
12,0.006564551422319475
13,0.018599562363238512
14,0.008205689277899343
15,0.012035010940919038
16,0.006564551422319475
17,0.007111597374179431
18,0.016958424507658644
